"","FAST_Detected","FAST_Delay","FAST_Delay_sd"
"Model 1",0.05,99.4,101.248703695405
"Model 2",0.05,47.4,77.0441431907708
"Model 3",0.6,13.2700421940928,18.4137859801914
"Model 4",NA,NA,NA
"Model 5",1,1.47058823529412,0.657128740672771
"Model 6",1,55.1397849462366,14.5318042009013
"Model 7",1,7.5,1.93583954590114
"Model 8",0.85,6.71023965141612,5.10250666140593
"Model 9",0.8,21.2113402061856,26.0999903002067
